nom_complet;tel_Portable;
ABDELLAH EL HADJ Mohamed Amine;06-97-02-14-84;
ABDELLALI Abdelghani;06-97-02-14-85;
ABDELLI Amina;06-97-02-14-86;
ABI Née KECHAD Safia;06-97-02-14-87;
ACHACHE RAFIK;06-97-02-14-88;
ADHIMENE Née KHIAT Amina Feryel;06-97-02-14-89;
RAOURAOUA Asma;06-97-02-14-90;
AMALOU née NOUR Zohra;06-97-02-14-91;
AMALOU née NOUR Zohra;06-97-02-14-92;
AMARA née LAZERG Sarra;06-97-02-14-93;
AMEROUCHE Née MAMOU Souad;06-97-02-14-94;
AMIAR née BOUAB Marwa;06-97-02-14-95;
AMIAR née BOUAB Marwa;06-97-02-14-96;
BELMOUHOUB Isma;06-97-02-14-97;
AROUS née CHABANI Zeyneb;06-97-02-14-98;
ASKRI née BETTACHE Meriem;06-97-02-14-99;
ATTAR  née  HALIMI Ines;06-97-02-14-100;
AZOUAOUI née HEBIK Imene;06-97-02-14-101;
MAHFOUF Née HAKEM Faiza ;06-97-02-14-102;
BELABED Née TAMARANTE Sonia;06-97-02-14-103;
BELAIFFA née BOUHADJAR RACHDA;06-97-02-14-104;
BELHADJ née AOUADJ Yasmine;06-97-02-14-105;
BELHOUT née ZEROUALI Soumaya;06-97-02-14-106;
BELLAGHOUATI Kamel;06-97-02-14-107;
BELMIRI née CHEKIRED Samira;06-97-02-14-108;
BENADOUDA Walid;06-97-02-14-109;
BENDJEDDA ne BEDDIAF Souhila;06-97-02-14-110;
BENLAMARA Aghiles;06-97-02-14-111;
BENSAAD née BENSAADI Yasmine;06-97-02-14-112;
BENSAFIA Née IHADDADEN Wassila;06-97-02-14-113;
BENSAFIA Née IHADDADEN Wassila;06-97-02-14-114;
BENSAOUCHA Mohamed Lamine;06-97-02-14-115;
BERKOUK née YOUSFI Samira;06-97-02-14-116;
BESSADENE Youcef;06-97-02-14-117;
BOUAFIA DALAL;06-97-02-14-118;
BOUALLAGA née NOUAD Neyla;06-97-02-14-119;
BOUCHOUCHA née CHATOUANE Hayet;06-97-02-14-120;
BOUFATIT née HAMIDA Aicha;06-97-02-14-121;
BOUHIDEL née BOUCHELGHOUM Amel;06-97-02-14-122;
HAMIDOUCHE Dahmane ;06-97-02-14-123;
BOULARAF née DJERRAD Fahima;06-97-02-14-124;
BOUNAB née YEBDA Nadjia;06-97-02-14-125;
BOUREGHDA née LAGAB Soumia;06-97-02-14-126;
BOUREZG née BENALI Souad;06-97-02-14-127;
BOUSSADA Redouane;06-97-02-14-128;
BOUSSELIOU née BOUCETTA Meriem;06-97-02-14-129;
CHEBLI Djamel;06-97-02-14-130;
CHEFAI née ALLAG Fatiha;06-97-02-14-131;
CHENDALI née KIROUANE  SAMIRA ;06-97-02-14-132;
CHENDALI née KIROUANE Samira;06-97-02-14-133;
CHERIFI née TIZGHA Amal;06-97-02-14-134;
CHIKHI Imane;06-97-02-14-135;
DAAS Abdelaziz;06-97-02-14-136;
DAHMOUN née FODIL Faiza;06-97-02-14-137;
DJERBOUE Abdelhamid;06-97-02-14-138;
GHARBI née AOUINE Imane;06-97-02-14-139;
GUEMMOUR née BENSEGHIR Ouafa;06-97-02-14-140;
HADDAR Sofiane;06-97-02-14-141;
AZIROU Iméne;06-97-02-14-142;
HAMIDECHE NEE KEHAL NASSIMA;06-97-02-14-143;
HAMIDECHE née KEHAL Nassima;06-97-02-14-144;
HAMMOUDI Lounis;06-97-02-14-145;
LEBRES Nassiba;06-97-02-14-146;
HASSAIRI née LARIBI Khadidja;06-97-02-14-147;        
HASSINI née AKTOUF Imane;06-97-02-14-148;   
KERBOUI née ALI YAHIA Lydia;06-97-02-14-149;
KERBOUI née ALI YAHIA Lydia;06-97-02-14-150;
KERMA née GUERFI Souhila;06-97-02-14-151;
KHAFIF Djamel Eddine;06-97-02-14-152;
KHEDJARI née BENHAMMOUDA Nafissa;06-97-02-14-153;
KHELFANE MED;06-97-02-14-154;
KHELIL Noureddine;06-97-02-14-155;
KHELIL Noureddine;06-97-02-14-156;
KLETIN Akila;06-97-02-14-157;
KOUCHKAR MERIEM;06-97-02-14-158;
KRABCHI Fethi;06-97-02-14-159;
LAGHOUATI née GRAINE Ahlem;06-97-02-14-160;
LAHLALI née TOUAT Amel;06-97-02-14-161;
LAIDI Mohamed;06-97-02-14-162;
LAMOURI Billal;06-97-02-14-163;
LARBI née SENOUCI BRIKSI Imen;06-97-02-14-164;
LOUNIS nabila;06-97-02-14-165;
LOUNIS nabila;06-97-02-14-166;
MADAOUI Assia;06-97-02-14-167;
MAHLOUS Zoubir;06-97-02-14-168;
MAHLOUS Zoubir;06-97-02-14-169;
MAKHLOUFI Samir;06-97-02-14-170;
MAMA Faycal;06-97-02-14-171;
MANSOURI née HADJAB Rafika;06-97-02-14-172;
MAZOUNI LYDIA;06-97-02-14-173;
MEDJAHER née AGOUN  Wafia;06-97-02-14-174;
MEHIDI née ABLLA Imene;06-97-02-14-175;
MENNAAI néeBENBOULAID Insaf;06-97-02-14-176;
MENNAAI née BENBOULAID Insaf;06-97-02-14-177;
MERDJANE Abderrahmane;06-97-02-14-178;
MEZHOUD Hamza;06-97-02-14-179;
MOKHFI née BOUNEFOUF Taous;06-97-02-14-180;
MOUMENI née BOUMGHAR Zahia;06-97-02-14-181;
Nacib Med Ihcene;06-97-02-14-182;
NIOUZ née DAHMANI Lila;06-97-02-14-183;
OULD AHMED née GRIB Naima;06-97-02-14-184;
RABER EL MAIZI Rabah;06-97-02-14-185;
RABHIA née SELLALI Sabrina;06-97-02-14-186;
DALLI née BOUTEBBA Fatima;06-97-02-14-187;
REBAI née KHEDRAOUI Fatma Zohra;06-97-02-14-188;
REBIAI née BESSAA Yasmine;06-97-02-14-189;
RIMOUCHE Walid;06-97-02-14-190;
SAADI née BENAMER Kenza;06-97-02-14-191;
SAIDI Samir;06-97-02-14-192;
SEMAR Abdelkrim;06-97-02-14-193;
SANDJAKEDDINE Mouloud;06-97-02-14-194;
SEKOUR Feriel;06-97-02-14-195;
TABTI  KENZA;06-97-02-14-196;
TALIT Omar;06-97-02-14-197;
TEBERRANINE née BENLOUNES Samia;06-97-02-14-198;
TOUAMI ABDERRAHMANE;06-97-02-14-199;
TOUNSI née BOUMSSHAEL Yassmina;06-97-02-14-200;
TOUTI Samir;06-97-02-14-201;
TOUTI Kamel;06-97-02-14-202;
YAHIAOUI Lilia;06-97-02-14-203;
YAHYAOUI Rafik;06-97-02-14-204;
YAHOU Adel;06-97-02-14-205;
YEKENE Sofiane;06-97-02-14-206;
ZEGHLOUL Mohamed Walid;06-97-02-14-207;
ZEMACHE Nabil;06-97-02-14-208;
ZENATI née LAMOURI Houda;06-97-02-14-209;
ZITOUNI née OUAIL Narimane;06-97-02-14-210;
OUAIL  Narim�ne;06-97-02-14-211;
HADDAD née HAMADAS Sarah;06-97-02-14-212;
AMIROUCHE Abdessamed;06-97-02-14-213;
AMROUCHE née ASSLI Fatma Zohra;06-97-02-14-214;
BABALI Med Nabil;06-97-02-14-215;
BADAOUI née HADDACHE Amel;06-97-02-14-216;
BAGAR Anes;06-97-02-14-217;
BEDDEK Sofiane;06-97-02-14-218;
BELAL Walid;06-97-02-14-219;
BENATMANE Hakim;06-97-02-14-220;
BENATMANE HAKIM;06-97-02-14-221;
BENBRIKAnée GHORAB Bouchra;06-97-02-14-222;
BENHADID Ounessa;06-97-02-14-223;
BENHARAT née ZENIM Zineb;06-97-02-14-224;
BENHOURA Farid;06-97-02-14-225;
BENKEDIDAH Fares;06-97-02-14-226;
BENMOUHOUB Hayet;06-97-02-14-227;
BENOUGHLIS née HABANI Chahrazed;06-97-02-14-228;
BENRADJA Hanane;06-97-02-14-229;
BENRADJA Hanane;06-97-02-14-230;
BENSAID Mohamed;06-97-02-14-231;
BENTAHAR née HADDAD Radia;06-97-02-14-232;
BENZOUAOUI Nacer Eddine ;06-97-02-14-233;
BERBER Said;06-97-02-14-234;
BERRAHAL Mohamed Amine;06-97-02-14-235;
BOUABIZI née SOUILAH Amina;06-97-02-14-236;
BOUAKAZ MOHAMED;06-97-02-14-237;
BOUAKBA née HAZI Baya;06-97-02-14-238;
BOUCHENDOUKA née HASSANI Khadidja;06-97-02-14-239;
CHAOUCHI Kamel;06-97-02-14-240;
CHEBLI née HEBBAT Sonia;06-97-02-14-241;
CHIKHI née MERABET Fatma;06-97-02-14-242;
DAAS née GHEZALI Aicha;06-97-02-14-243;
DERRICHE née FERDJALLAH Fairouz;06-97-02-14-244;
DJAMA Abdenour;06-97-02-14-245;
DJEMAOUNE Mustapha;06-97-02-14-246;
EL CHAHAOUI née HENNAD Salma;06-97-02-14-247;
FERGATI née LAFKIR Lamia;06-97-02-14-248;
FERTAS née BELBACHIR Sara;06-97-02-14-249;
FETTAL née DIB Nabila ;06-97-02-14-250;
GACEM née AOUANA Sylia;06-97-02-14-251;
GHOULI Fariel;06-97-02-14-252;
GUENDOUZ Brahim;06-97-02-14-253;
GUERFI BILLAL;06-97-02-14-254;
HACID Sofiane;06-97-02-14-255;
HADDAD née SAADI Nadia;06-97-02-14-256;
HAMBLI née GUERMACHE Anissa;06-97-02-14-257;
HAMDOUNE Abdelkrim;06-97-02-14-258;
HAMDOUNE Abdelkrim;06-97-02-14-259;
HARENDI Youcef;06-97-02-14-260;
HIKA née BOUABIBSA Nac�ra;06-97-02-14-261;
KACHROUD Nabil;06-97-02-14-262;
KACI Dahmane;06-97-02-14-263;
KALAFAT née HAMMADI Farah;06-97-02-14-264;
KAOUAH Abdelaziz Zine El Abidine;06-97-02-14-265;
LAAOUAD Rachid;06-97-02-14-266;
LABANI née KRAIFA Ouafa;06-97-02-14-267;
LABANI née KRAIFA Ouafa;06-97-02-14-268;
LADLAOUI née BENNOUA Sihem;06-97-02-14-269;
LAHMAR née AMEUR Fatma Zohra;06-97-02-14-270;
LAKHLEF Salim;06-97-02-14-271;
LARBI Bachir Amine;06-97-02-14-272;
LAREF née AIT El Hocine Asma;06-97-02-14-273;
LASNOUNI Allel;06-97-02-14-274;
LEBIK Mohamed;06-97-02-14-275;
MAAMERI Tarek;06-97-02-14-276;
MECHAKOU Smail;06-97-02-14-277;
MEGHAOUI Kamel ;06-97-02-14-278;
MEHAMEDI Rafik;06-97-02-14-279;
MELIANI Zouhir;06-97-02-14-280;
MIHOUBI Mohamed;06-97-02-14-281;
MISSOUM Mohamed;06-97-02-14-282;
MOHAD ABDELKIME;06-97-02-14-283;
MOHAMED BOUZIANE née BOUSSOUFA Fatima;06-97-02-14-284;
OUADAHI Sofiane;06-97-02-14-285;
OULD ALI Samir;06-97-02-14-286;
OUSADANE née BENHAMMAM Amina;06-97-02-14-287;
RABIA née SEDDIKI Fatima;06-97-02-14-288;
RABIA née BACHI Farida;06-97-02-14-289;
SADAOUI née BENALI Naima;06-97-02-14-290;
SEMID Khaoula;06-97-02-14-291;
SI LOUNIS Sofiane;06-97-02-14-292;
SOUILAH née HERMEZ Chafika;06-97-02-14-293;
TAHMI Yacine;06-97-02-14-294;
TALIGANTE Khaled;06-97-02-14-295;
TARIL née LADJALI Assia;06-97-02-14-296;
TERFANI Yacine;06-97-02-14-297;
ZAIDAT née CHAOUCHE Nassira;06-97-02-14-298;
ZARIF née BOUKHEDIMI Nabahat;06-97-02-14-299;
MOKRANI Ramzi;06-97-02-14-300;
ATCHI Halima;06-97-02-14-301;
BAHRI née DJERIDANE Radia;06-97-02-14-302;
BAHRI née BELABDI Oum keltoum;06-97-02-14-303;
BELAID Billal;06-97-02-14-304;
BELKHADEM Karima;06-97-02-14-305;
BENAKKOUCHE née BESSADENE Sabrina;06-97-02-14-306;
BENAMAR née BENSLIMAN Nassima;06-97-02-14-307;
BENCHABANE née BOUSSAD Feriel;06-97-02-14-308;
BENDJEBBAS Youcef;06-97-02-14-309;
BENDJENNI née BENALI Houda;06-97-02-14-310;
BENDJENNI née BENALI Houda;06-97-02-14-311;
BENMIHOUB née BELAZIZ Yasmina;06-97-02-14-312;
BENSALEM Zoubida;06-97-02-14-313;
BERARHI née CHAIB Yasmine;06-97-02-14-314;
BOUALI née CHENIKRI Amel;06-97-02-14-315;
BOUDAMOUS née LARAB Rima;06-97-02-14-316;
BOUDIAF Lotfi;06-97-02-14-317;
BOUDJEMAA Souhil;06-97-02-14-318;
BOUNAAS née TLIBA Yamina;06-97-02-14-319;
CHERIEF née BEGHDADI Chahrazed;06-97-02-14-320;
KHELFA Noureddine;06-97-02-14-321;
CHERIFI Samira;06-97-02-14-322;
SAIDJI Meriem;06-97-02-14-323;
HAMADACHE Ali;06-97-02-14-324;
HAMBLI Saber;06-97-02-14-325;
HAMEDANI née BOUKHELIFA Souhila;06-97-02-14-326;
HAMOUM Mohamed Said;06-97-02-14-327;
HAOUCHINE née HACHEMI Hayet;06-97-02-14-328;
HIRECHE Mohamed el Amine;06-97-02-14-329;
IDRIS née MEKHERFIS Soumiya;06-97-02-14-330;
IKLEF née BAHLAS Samra;06-97-02-14-331;
KHEMISSA née FENIDES Nadhira;06-97-02-14-332;
AIT KACI Sabrina;06-97-02-14-333;
LAGAB née BILOUM Meriem;06-97-02-14-334;
BENAMIEUR Epse  LAHMAR;06-97-02-14-335;
LAHMAR née HARITI Fella;06-97-02-14-336;
LAMANI ABBAS;06-97-02-14-337;
LOUMI née SLIMANI Soraya;06-97-02-14-338;
MADJENE née ZOUATINE Ouissane;06-97-02-14-339;
MEDJAHED Mohand Ameziane Toufik;06-97-02-14-340;
NAIT ALAMARA née BEN KHEMMOU Tounsia;06-97-02-14-341;
OUKID Mahieddine;06-97-02-14-342;
RAFFAOUI née BENABBOU Soumeya;06-97-02-14-343;
SAADI  née NAFLA Zinaida;06-97-02-14-344;
SAIDANI née AYOUB DIT AYADI Rym;06-97-02-14-345;
SI ZIANI née OUABDELKADER Soraya;06-97-02-14-346;
SIGUERDJIDJENE Alaa;06-97-02-14-347;
SLIMANI née CHAKAL Assia;06-97-02-14-348;
GACEM Smain;06-97-02-14-349;
TIAR Messaoud;06-97-02-14-350;
TOUAMI Akkacha;06-97-02-14-351;
YAICI née ABERKANE Yassamine;06-97-02-14-352;
ZERGAOUI née BESSAIH Hanane;06-97-02-14-353;
ABBAS née DJARI Karima;06-97-02-14-354;
ABDI née GRIM Zahra Hadjer;06-97-02-14-355;
AIACHE Omar;06-97-02-14-356;
AIGOUN née BEKKAIR Hafida;06-97-02-14-357;
AMARA Omar;06-97-02-14-358;
BAGHDADI Nafaa;06-97-02-14-359;
BEKAI Youcef;06-97-02-14-360;
BELAIDI Mohamed Amokrane;06-97-02-14-361;
BELLACHE née TAKAOUT Amina;06-97-02-14-362;
BENABBES Mohamed Tayeb;06-97-02-14-363;
BENAIMECHE Mahfoud;06-97-02-14-364;
BENAMARA née ABDOUN Sonia;06-97-02-14-365;
BERRIANI née MOSTEFA-KARA Wassila;06-97-02-14-366;
BOUKHALFA Nawel;06-97-02-14-367;
BOUKHALFA Nawel;06-97-02-14-368;
BOULACHLOUCHE Naima;06-97-02-14-369;
BOULEKBACHE née BELHARET Lydia;06-97-02-14-370;
DAHMANI née FERRADJI Fariza;06-97-02-14-371;
DJEFAL née KHELIL LILA;06-97-02-14-372;
DJOULLAH Imadeddine;06-97-02-14-373;
EL FETNI née HELILOU Imane;06-97-02-14-374;
rous hayet;06-97-02-14-375;
FERHI Ahmed Amine;06-97-02-14-376;
FERHI Ahmed Amine;06-97-02-14-377;
FERRAD Hamid;06-97-02-14-378;
GHERBI Salim ;06-97-02-14-379;
GUEMRAOUI Samir;06-97-02-14-380;
GUERFI Zohir;06-97-02-14-381;
HAGANI RAFIK;06-97-02-14-382;
HAMMACHI Mohamed Tahar;06-97-02-14-383;
HIMA BELLAL;06-97-02-14-384;
HIMA BELLAL;06-97-02-14-385;
KACED Samir;06-97-02-14-386;
KACED Samir;06-97-02-14-387;
KACET Mehdi;06-97-02-14-388;
KADIRI née MECHROUH Amel;06-97-02-14-389;
KESRAOUI Salaheddine;06-97-02-14-390;
KHAIR Sid Ahmed Nassim;06-97-02-14-391;
MAHMOUD Nadjoua;06-97-02-14-392;
KIRECHE née LABDELAOUI Sihem;06-97-02-14-393;
LEKKAT née AKSOUH Amira;06-97-02-14-394;
LEBBAD née TAHAR Wafa;06-97-02-14-395;
LEKKAT née AKSOUH Amira;06-97-02-14-396;
MAMI Nadjet;06-97-02-14-397;
MEKFESS Ghania;06-97-02-14-398;
MEKHALDI Ilyes;06-97-02-14-399;
NOURINE Hacene;06-97-02-14-400;
OUALI Yacine;06-97-02-14-401;
OUAZENE née LOUNIS Sonia;06-97-02-14-402;
OUKALI Yahia Aissa;06-97-02-14-403;
OUKALI R�dha;06-97-02-14-404;
RAHALI née TACHEMA Souad ;06-97-02-14-405;
RAMDANI Hassen;06-97-02-14-406;
REBOUH Yacine;06-97-02-14-407;
SAADA Walid;06-97-02-14-408;
SAOUD Abdallah;06-97-02-14-409;
SAOUD née HASSEN EL BELASSI Maha;06-97-02-14-410;
SERRAI SAAD;06-97-02-14-411;
SLIMANI Abd el Malek;06-97-02-14-412;
TADJER  née BOUSSELIOU Sara;06-97-02-14-413;
TANEM Mourad Adel;06-97-02-14-414;
YAHIAOUI Rafik;06-97-02-14-415;
YEZID Abdelouahab;06-97-02-14-416;
YAHIAOUI née BENBOULAID Leila;06-97-02-14-417;
ABBAS née ZIANE Amina;06-97-02-14-418;
ABBAS née KARA Radia;06-97-02-14-419;
ABDECHAKOUR Amine;06-97-02-14-420;
ABDELMALEK née METIDJI Asma;06-97-02-14-421;
AKILI Sid Ali;06-97-02-14-422;
ANSER née BENSLAMA Amina;06-97-02-14-423;
ANSER née BENSLAMA Amina;06-97-02-14-424;
AOUISSI née BOUBEKEUR Souhila;06-97-02-14-425;
ARAB née MOUHOUBI Hayet;06-97-02-14-426;
ARIBI Abdenour ;06-97-02-14-427;
AYADI née BOUIDER Assia;06-97-02-14-428;
AZIEZ née LAROUBI Souhila;06-97-02-14-429;
BAHAZ née FILALI Ibtissem;06-97-02-14-430;
BAHLOUL Abdellah;06-97-02-14-431;
BEDDA née ACHOURI Mouna;06-97-02-14-432;
BEDOUD EL HADI;06-97-02-14-433;
BELDJERDI Mohamed Amine;06-97-02-14-434;
BELDJOUD Nabila;06-97-02-14-435;
BELKEBIR née ISSEGUENI Houria;06-97-02-14-436;
HARIZI Imane;06-97-02-14-437;
MESSOUCI Lilia Sihem ;06-97-02-14-438;
BENCHABANE née OURRAD Kahina ;06-97-02-14-439;
BENGHANEM Sofiane;06-97-02-14-440;
BENKHERFALLAH  née LOUTTANI Assia;06-97-02-14-441;
BENKHERFALLAH  née LOUTTANI Assia;06-97-02-14-442;
BENOTMANE née NAIMI Imane;06-97-02-14-443;
BEZARI née BOUZIFI Fatia;06-97-02-14-444;
BOUADOU Nabila;06-97-02-14-445;
BOUCHENINE Sofiane;06-97-02-14-446;
BOUKECHOUIOU née DJELFAOUI Wahiba;06-97-02-14-447;
BOUNEKTA née LAOUNI Hind;06-97-02-14-448;
BOUTRIK Mohamed-Adib;06-97-02-14-449;
NEMER Ikram;06-97-02-14-450;
CHEHBOUN née AHMANE Souhila ;06-97-02-14-451;
FERRAD née ISSAD Ilhem;06-97-02-14-452;
CHERAITIA Hassen Amine;06-97-02-14-453;
CHIKHAOUI Faiza;06-97-02-14-454;
DELLIL née BELLAOUI Amel Asma;06-97-02-14-455;
DJADI née HAROUCHE Dalya;06-97-02-14-456;
DJELLID née LOUGLITI Messaouda;06-97-02-14-457;
DRIBINE née Guemat Sarah;06-97-02-14-458;
FERHAT Menad;06-97-02-14-459;
FERRAG née CHERIFI Bouchra;06-97-02-14-460;
FOUFOU Mokhtar ;06-97-02-14-461;
GHAZI née CHERFI Sabrina;06-97-02-14-462;
GUITTI née DERBAL Zineb;06-97-02-14-463;
HABBACHE Sanaa;06-97-02-14-464;
HACHACHE née BRAHIMI Meriem;06-97-02-14-465;
HAMIDOUCHE née KELKOULI Sarra;06-97-02-14-466;
HERAOUI Mohamed Amine;06-97-02-14-467;
HERAOUI Mohamed Amine;06-97-02-14-468;
IGEDAD Kahina;06-97-02-14-469;
ISIKIOUENE née KECHAI Manel;06-97-02-14-470;
KECHOUANE Abdesslam;06-97-02-14-471;
KEDJOUR née KRIDI Yousra Djouhra;06-97-02-14-472;
KHALFAOUI née ZENNOUNE Imene;06-97-02-14-473;
KHELIL CHAREF Samy ;06-97-02-14-474;
KHELILI née GRINE Habiba;06-97-02-14-475;
KHELLADI née SADMI Feriel ;06-97-02-14-476;
KHIAR Sidali;06-97-02-14-477;
KHIR née HAMHAMI Fatima;06-97-02-14-478;
KOUACHE née BOUSRI Souhila;06-97-02-14-479;
LABANE Hamza;06-97-02-14-480;
L'HOCINE née DJOUADOU Nihal Fariel;06-97-02-14-481;
LOUNI née BOUKHALFA Linda;06-97-02-14-482;
LOUZANI Mounir;06-97-02-14-483;
MANSOURI Mohamed Drissi;06-97-02-14-484;
BOUZID Nousseiba;06-97-02-14-485;
MEKESSER Souad;06-97-02-14-486;
MELANI  Mohamed Amir;06-97-02-14-487;
METOUCHI née BOUAROUDJ Hakima;06-97-02-14-488;
METOUCHI née BOUAROUDJ Hakima;06-97-02-14-489;
MEZIANE née MOUMEN Sarra;06-97-02-14-490;
OUMERACI DJAZIA;06-97-02-14-491;
MOHAND SAID Née FACI Wahiba;06-97-02-14-492;
MOSTEFAOUI  née SOLTANI Fatiha;06-97-02-14-493;
M'RAIAGH Nourreddine;06-97-02-14-494;
NAMANE Yakoub;06-97-02-14-495;
NASRI née EZZERBOUTI Meriem;06-97-02-14-496;
NEBALI Khaled;06-97-02-14-497;
NEGGAR née SOUL Nouzia;06-97-02-14-498;
NEMOUCHI Née ABDELALI Wafa;06-97-02-14-499;
ATCHI VVE NENNOUCHE Reguia;06-97-02-14-500;
NOUR née BENSEGHIR Nahla;06-97-02-14-501;
OUABDESSELAM Omar Ryad;06-97-02-14-502;
OUCHENE Djaffar;06-97-02-14-503;
OUKIL Sofiane;06-97-02-14-504;
OUZZIR née BELLAZOUZ Malika;06-97-02-14-505;
REMADHNIA Née DJAOUT Zahida;06-97-02-14-506;
REMAM Née KADOUCI Sabrina;06-97-02-14-507;
SADAOUI née KHERFI Amina;06-97-02-14-508;
SAIDANI née AREZKI Radia;06-97-02-14-509;
SENDJANI Abdelkader ;06-97-02-14-510;
SENIR Sidali;06-97-02-14-511;
SIF Née LABADI Djamila;06-97-02-14-512;
SI ZIANI FADHELA;06-97-02-14-513;
SOLTANI née BENAKILA Zineb;06-97-02-14-514;
TAIBI Née HADDADOU Nesrine;06-97-02-14-515;
TETBIRT Mohamed Lamine;06-97-02-14-516;
TEZKRAT Imadeddine;06-97-02-14-517;
TIKOUK Imene;06-97-02-14-518;
TOUDERT KACI;06-97-02-14-519;
YAHIAOUI née OUAFI Asma;06-97-02-14-520;
YANTREN née ABDESSEMED Fazia;06-97-02-14-521;
YANTREN née ABDESSEMED Fazia;06-97-02-14-522;
HARECHE Sabrina;06-97-02-14-523;
ZERDANI née MEGHAZI Meriem;06-97-02-14-524;
ZERKANI Farid;06-97-02-14-525;
ABI Née KECHAD Safia;06-97-02-14-526;
ATTAR  née  BOURAI Ouiza;06-97-02-14-527;
MAHFOUF Née HAKEM Faiza ;06-97-02-14-528;
BAHI née KACIMI EL HASSANI Fedoua;06-97-02-14-529;
BEKHTI née ABDELGUERFI Fadhila;06-97-02-14-530;
BELHADJ Areslane;06-97-02-14-531;
BELHAOUES Ridha;06-97-02-14-532;
BELHOUT née ZEROUALI Soumaya;06-97-02-14-533;
BELLACHE née TAKAOUT Amina;06-97-02-14-534;
BENABID Tawfik;06-97-02-14-535;
BENADJAOUT SAMIR;06-97-02-14-536;
BENMALEK Samir;06-97-02-14-537;
BETATA Med;06-97-02-14-538;
BOUADOU Nabila;06-97-02-14-539;
MEROUANE Vve BOUBEKEUR Akila;06-97-02-14-540;
BOUCHOUCHA née CHATOUANE Hayet;06-97-02-14-541;
BOULARAF Fahima;06-97-02-14-542;
BOUSSADA Redouane;06-97-02-14-543;
CHEBLI Djamel;06-97-02-14-544;
CHERIFI Abdelkader;06-97-02-14-545;
CHIKHOUNE née TERCHI Sara;06-97-02-14-546;
DAAS Née DERRICHE Wassila;06-97-02-14-547;
GOUMIRI née BOUCHEMLA Chafika;06-97-02-14-548;
GRABA Kaouther;06-97-02-14-549;
GUENANE née FELLAH Yasmine;06-97-02-14-550;
GUERHLI née MATASSI Houria;06-97-02-14-551;
GUEROUI Mohamed;06-97-02-14-552;
HAMIDECHE NEE KEHAL NASSIMA;06-97-02-14-553;
HAOUAS dounia;06-97-02-14-554;
KHAFIF Djamel Eddine;06-97-02-14-555;
KHENNOUF née SAIGHI Hakima;06-97-02-14-556;
KHEDJARI Née BENHAMMOUDA Nafissa;06-97-02-14-557;
KLETIN Akila;06-97-02-14-558;
KORICHE Mohamed Karim;06-97-02-14-559;
LAGHOUATI Née GRAINE Ahlem;06-97-02-14-560;
LOUNIS née LAOUFI Rym;06-97-02-14-561;
MOSBAHA née BENAYACHE Amina;06-97-02-14-562;
BOUMGHAR Zahia;06-97-02-14-563;
OUMAHOU Mohamed Amine;06-97-02-14-564;
SAADI Née BENAMER Kenza;06-97-02-14-565;
SAHRAOUI née ZOUREG Zineb;06-97-02-14-566;
SALHI Nabil;06-97-02-14-567;
SOLTANI née BOUDJEMA Lynda;06-97-02-14-568;
TAKOUAT Samir;06-97-02-14-569;
TIR Abdenour;06-97-02-14-570;
ZEMMOUR née DAHMANE Safia;06-97-02-14-571;
ZENATI née LAMOURI Houda;06-97-02-14-572;
LAICHI Hamza;06-97-02-14-573;
TROMBADJI Said Mounir;06-97-02-14-574;
ABDELLATIF REDHA;06-97-02-14-575;
ABOUBI Rabie;06-97-02-14-576;
AISSAT née GUERROUMI Sihem;06-97-02-14-577;
AMARA Walid;06-97-02-14-578;
AMROUCHE Noureddine;06-97-02-14-579;
BABA née CHEKIRED Sihem;06-97-02-14-580;
BEDDEK Sofiane;06-97-02-14-581;
BELHANAFI Ryad;06-97-02-14-582;
BENAMAR Lyes;06-97-02-14-583;
BENSALAH Nawel;06-97-02-14-584;
BENSALAH Nawel;06-97-02-14-585;
BENDALI  Reda;06-97-02-14-586;
BENELDJOUDI  Abdelkader;06-97-02-14-587;
BENKEDIDAH Fares;06-97-02-14-588;
BENKHELIFA Mohamed Fethi;06-97-02-14-589;
BOUABIZI née SOUILAH Amina;06-97-02-14-590;
BOUAKBA née HAZI Baya;06-97-02-14-591;
BOUASSILA Sana;06-97-02-14-592;
BOUHRAMA née BENSALAH Ahmed;06-97-02-14-593;
BOULEFAAT Boubekeur;06-97-02-14-594;
BOURAOUI Mourad;06-97-02-14-595;
BOUZEGZA Samir;06-97-02-14-596;
BOUZEGZA Samir;06-97-02-14-597;
CHAIA Khaled;06-97-02-14-598;
CHOUABBIA Med;06-97-02-14-599;
SELLAMI  ITHAE Ibtissam ;06-97-02-14-600;
FORTAS Aberrahim;06-97-02-14-601;
GUENANE El Mahdi Amine;06-97-02-14-602;
GUETTAL Mohamed;06-97-02-14-603;
HAMADACHE Said;06-97-02-14-604;
HAOUA Karim;06-97-02-14-605;
HEBBOUDJ Ryad;06-97-02-14-606;
BOUTICHE Nabila;06-97-02-14-607;
KAOUAH Abdelaziz Zine El Abidine;06-97-02-14-608;
KAZITANI Samia;06-97-02-14-609;
KELLOU Atif;06-97-02-14-610;
KHACHA Lamine;06-97-02-14-611;
KOROGHLI Mahfoud;06-97-02-14-612;
KOURZI Kamel;06-97-02-14-613;
LADLAOUI née BENNOUA Sihem;06-97-02-14-614;
RAMI Hakim;06-97-02-14-615;
MAAMERI Tarek;06-97-02-14-616;
MAKHLOUF Med Amine;06-97-02-14-617;
MALKI Mohmed;06-97-02-14-618;
MECHAKOU Smail;06-97-02-14-619;
MEZAZA Mohamed;06-97-02-14-620;
MIHOUBI Mohamed;06-97-02-14-621;
MISSOUM Mohamed;06-97-02-14-622;
MOKKEDEM Nacereddine;06-97-02-14-623;
MOUZAOUI Née KOUACHE Soumia;06-97-02-14-624;
OUNISSI Abdellah;06-97-02-14-625;
RABIA Née SEDDIKI Fatima;06-97-02-14-626;
RAHO née BAHLOULI Fairouz;06-97-02-14-627;
RASSELKAF Djamel Eddine;06-97-02-14-628;
SAI Abelkader;06-97-02-14-629;
SEDDIKI Hamid;06-97-02-14-630;
SEDDIKI Hamid;06-97-02-14-631;
SEDDIKI Hamid;06-97-02-14-632;
SEKOUR Samia;06-97-02-14-633;
SOUILAH Née HERMEZ Chafika;06-97-02-14-634;
TAMMAL née IBRAHIMI Sabrina;06-97-02-14-635;
TAMMAL née IBRAHIMI Sabrina;06-97-02-14-636;
YAHIAOUI Brahim;06-97-02-14-637;
SEKSAOUI A BDELKADER;06-97-02-14-638;
HADJIDJ Nassim;06-97-02-14-639;
ZARIF Née BOUKHEDIMI Nabahat;06-97-02-14-640;
ZERAI née HAMIDANE Sabraia;06-97-02-14-641;
AKBI née DAHMANE Amira;06-97-02-14-642;
AKRICHE née BOUCHAIB Ratiba;06-97-02-14-643;
BACHAR Mohamed Lotfi;06-97-02-14-644;
BAIZID Adel;06-97-02-14-645;
BALLOTI Ahmed Reda;06-97-02-14-646;
BALLOTI Ahmed Reda;06-97-02-14-647;
BELANTEUR Sofiane;06-97-02-14-648;
BELANTEUR Sofiane;06-97-02-14-649;
BELKBIR née BOUSMAHA Nadia;06-97-02-14-650;
BELLAA Nadjib Allah;06-97-02-14-651;
BENAKILA Toufik;06-97-02-14-652;
BENCHABANE née BOUSSAD Feriel;06-97-02-14-653;
BENKHALFALLAH  née YOUCEF Abbassia ;06-97-02-14-654;
BENMIHOUB née BELAZIZ Yasmina;06-97-02-14-655;
BERBACHI Mohamed;06-97-02-14-656;
BOUDIAF Billel;06-97-02-14-657;
BOUHIDEL Sofiane;06-97-02-14-658;
BOUKLI HASSEN Karim;06-97-02-14-659;
BOULECHFAR Chihabeddine;06-97-02-14-660;
BOULOUDENE Mohamed;06-97-02-14-661;
BOUMARAF Nidhal;06-97-02-14-662;
HABI née GAOUA Farida;06-97-02-14-663;
BOUSSADIA née DJEDDA Selma;06-97-02-14-664;
BOUTEMIN née HABROUCHE Yasmina;06-97-02-14-665;
CHABONI Rachid;06-97-02-14-666;
CHAOUCHE née ARAR Wahiba;06-97-02-14-667;
CHERRAK née RAFA Fatiha;06-97-02-14-668;
CHETOUANI née CHARMAT Soumaya;06-97-02-14-669;
DJEDDI Née TEMAM Imene;06-97-02-14-670;
FATNASSI née GUEMMAT Amina;06-97-02-14-671;
GASMI née KRAIFA Feriel;06-97-02-14-672;
GHANEM Otmane Adel;06-97-02-14-673;
GUERROUAT Noureddine;06-97-02-14-674;
HARRAT Merzouk;06-97-02-14-675;
HERIDA Ali;06-97-02-14-676;
HEZIL née KISSOUM Mouna;06-97-02-14-677;
IDRIS née MEKHERFIS Soumiya;06-97-02-14-678;
KADRI née SAOUDI Boutheina;06-97-02-14-679;
KANDI née TAHMI Anissa;06-97-02-14-680;
KHALED KHODJA Mustapha;06-97-02-14-681;
KHECHAOUI Hassina;06-97-02-14-682;
KHODJA Mohamed;06-97-02-14-683;
KOUINI Yasmine;06-97-02-14-684;
KOHIL Belkacem;06-97-02-14-685;
LAIDLI Mohamed Youcef;06-97-02-14-686;
LAMOURI Billel;06-97-02-14-687;
LAMMOUTI née LATRARECHE Ryma;06-97-02-14-688;
MADDI Mohamed;06-97-02-14-689;
MAHDI Abdellah;06-97-02-14-690;
MAOUCHE Ameur;06-97-02-14-691;
MEKBOUL Said;06-97-02-14-692;
MEZENNER FAISSAL;06-97-02-14-693;
MEZIANI Abdellatif;06-97-02-14-694;
MEZOUARI née BOUKRA BETTAYEB Fazia;06-97-02-14-695;
MOKHTARI Kamel;06-97-02-14-696;
MOKRANE née TAIBI Manel;06-97-02-14-697;
MOKRANI Ramzi;06-97-02-14-698;
MOUHOUS née BOUDEDJA Lynda;06-97-02-14-699;
ICHEN Dalila;06-97-02-14-700;
NACI née SI AHMED Chahrazed;06-97-02-14-701;
NAIT ALAMARA née BEN KHEMMOU Tounsia;06-97-02-14-702;
NAIT MOHAMED Farouk;06-97-02-14-703;
NAIT YAHIA Maher;06-97-02-14-704;
OUDJIT Adelane;06-97-02-14-705;
RECHEDI Youcef;06-97-02-14-706;
REZGUI Moncef Reda;06-97-02-14-707;
SACI Fattah;06-97-02-14-708;
SAHI Alaaeddine;06-97-02-14-709;
SAHOUANE Née BENTARZI Ounissa;06-97-02-14-710;
SAHOUANE Née BENTARZI Ounissa;06-97-02-14-711;
SAHTALI Brahim;06-97-02-14-712;
SID IDRIS SOFIANE;06-97-02-14-713;
GACEM Smain;06-97-02-14-714;
TABBAI DJEFFEL née AMEZIANE Sonia;06-97-02-14-715;
TIOUIDIOUNE nee GACI Sabrina;06-97-02-14-716;
TIOUIDIOUNE nee GACI Amina;06-97-02-14-717;
TOUAHRI Mohamed el Amine;06-97-02-14-718;
TOUIL Mahfoud;06-97-02-14-719;
TRAD née HADDAD Manel;06-97-02-14-720;
BENLAGHA née KHEMISSA Amina;06-97-02-14-721;
TSAGARDIRTS  née BOUHIRED Saida;06-97-02-14-722;
ZIANE Rabah;06-97-02-14-723;
FAIDI SOFIANE;06-97-02-14-724;
DAHAK Ridha;06-97-02-14-725;
ZOUAOUI Abdelkader;06-97-02-14-726;
OUALI BRAHIM;06-97-02-14-727;
ABDELLAH Khemies;06-97-02-14-728;
ABDELLAH Khemies;06-97-02-14-729;
ALIDRA KARIM;06-97-02-14-730;
BEKAI Youcef;06-97-02-14-731;
BELKHERROUBI Abdelkader;06-97-02-14-732;
BENBOUALI Mohamed Yassine;06-97-02-14-733;
BENHALIMA Samir;06-97-02-14-734;
BENMILOUD Brahim;06-97-02-14-735;
BENMILOUD Brahim;06-97-02-14-736;
BOUFATIT Ramdane;06-97-02-14-737;
BOUFATIT Ramdane;06-97-02-14-738;
BOUKHENOUS Rafik;06-97-02-14-739;
BOUSNINA née CHERGUI Nesria;06-97-02-14-740;
BOUSSA Fateh;06-97-02-14-741;
BOURAHLA Ahlem;06-97-02-14-742;
BRAHMINE née LARBES Meriem;06-97-02-14-743;
CHEKIRED Adel Salim;06-97-02-14-744;
CHENIKA née ABBACI Hafida;06-97-02-14-745;
CHERIF Zahar Mhamed;06-97-02-14-746;
CHINE TOUFIK;06-97-02-14-747;
DJANATI née MOUMENINESarra;06-97-02-14-748;
DAAOU Massinissa;06-97-02-14-749;
DIB  Faycal;06-97-02-14-750;
DJEFAL Née KHELIL LILA;06-97-02-14-751;
DJOUABRI Youcef;06-97-02-14-752;
DJOULLAH Imadeddine;06-97-02-14-753;
FERHAT née GOURINE Salima;06-97-02-14-754;
FERRAD Hamid;06-97-02-14-755;
GHERBI Salim ;06-97-02-14-756;
GHERBI Salim ;06-97-02-14-757;
GHETTAS ADNANE;06-97-02-14-758;
GHAZALA née KHACHKHOUCHE Farida;06-97-02-14-759;
GUELLATI née LAOUARI Fatima;06-97-02-14-760;
GUEMRAOUI Samir;06-97-02-14-761;
GUERFI Zohir;06-97-02-14-762;
GUERIRA née LANABI Samah;06-97-02-14-763;
HOUGLAOUENE YaCINE;06-97-02-14-764;
KACI Karim;06-97-02-14-765;
GUERMMANE Hadjer;06-97-02-14-766;
KECHAOUI Abdelhak;06-97-02-14-767;
KHAIR Sid Ahmed Nassim;06-97-02-14-768;
KHELLADI Hichem;06-97-02-14-769;
KHERROUBI Mahdi;06-97-02-14-770;
LABDELLAOUI née BENMEDDOUR Fouzia;06-97-02-14-771;
LALA Kamel;06-97-02-14-772;
LAMOURI Adel;06-97-02-14-773;
MAALI Samir;06-97-02-14-774;
MADAOUI Mohamed;06-97-02-14-775;
MEKFESS Ghania;06-97-02-14-776;
MERROUCHE SAMIR;06-97-02-14-777;
MERROUCHE SAMIR;06-97-02-14-778;
MOUNSSI Syrine;06-97-02-14-779;
NAAMOUN Riyadh;06-97-02-14-780;
NAAMOUN Riyadh;06-97-02-14-781;
OUAZAR née ZERGUI Nesrine Asma;06-97-02-14-782;
OUAZENE née LOUNIS Sonia;06-97-02-14-783;
OUSSAID Youcef;06-97-02-14-784;
RAIS KHALID;06-97-02-14-785;
RAHMOUNI Mohamed Amine;06-97-02-14-786;
REMICHI née BENBITAT Feriel;06-97-02-14-787;
ROUAKI Toufik;06-97-02-14-788;
SAOUD Abdallah;06-97-02-14-789;
SAYAH Hamza;06-97-02-14-790;
SEBBAGH Mustapha;06-97-02-14-791;
TIR Abdenour;06-97-02-14-792;
TADJER  Née BOUSSELIOU Sara;06-97-02-14-793;
TITAH Mohamed Zakaria;06-97-02-14-794;
YAHIAOUI Née KOUDRI  Sounia;06-97-02-14-795;
YAMOUNI nee GENDIL Roslyne;06-97-02-14-796;
YAMOUNI nee GENDIL Roslyne;06-97-02-14-797;
HAMICI Nabil;06-97-02-14-798;
ABDELMALEK Née METIDJI Asma;06-97-02-14-799;
AGAD Samir;06-97-02-14-800;
AHMEDI Née ZOUYED Sihem;06-97-02-14-801;
AIT  IDIR Lynda;06-97-02-14-802;
ARIBI Abdenour ;06-97-02-14-803;
ATMANI née BENHADJI Lamia;06-97-02-14-804;
BEHLOUL Yasmine;06-97-02-14-805;
BELAROUCI Mourad;06-97-02-14-806;
BELKHODJA nee TERMOUL Karima;06-97-02-14-807;
BENCHABANE Kahina;06-97-02-14-808;
BENCHADI née BELLALA Meriem;06-97-02-14-809;
BENMAHDI née BAHLOULI Amel;06-97-02-14-810;
BENMILA Bilel;06-97-02-14-811;
BENOUNA Mouad;06-97-02-14-812;
BENSACI Samia;06-97-02-14-813;
BOUCHACHI Noureddine;06-97-02-14-814;
BOUCHENINE Sofiane;06-97-02-14-815;
BOUDJLEB Lyes;06-97-02-14-816;
BOUDJEMIA Amar;06-97-02-14-817;
BOUFLIH née YOUNES Houda;06-97-02-14-818;
BOUHADJAR Hacene;06-97-02-14-819;
BOUKABES Youcef;06-97-02-14-820;
BOUSSAA Samir;06-97-02-14-821;
BOUSBAH Hichem;06-97-02-14-822;
CHEMCHEM Née BENYERBAH NABILA;06-97-02-14-823;
BENMOHRA née CHABANE Amel;06-97-02-14-824;
DAHMOUNE HACENE;06-97-02-14-825;
DIMYA Abderrahmane;06-97-02-14-826;
DJEBBOUR Kenza Sonia;06-97-02-14-827;
DJEBBOUR Kenza Sonia;06-97-02-14-828;
DJEBLI Mohamed Amine;06-97-02-14-829;
FDAILAINNE Mohammed;06-97-02-14-830;
FOUFOU Mokhtar ;06-97-02-14-831;
GHENNA Med;06-97-02-14-832;
GHERMIT Abdennour;06-97-02-14-833;
GHERROUS Sidali;06-97-02-14-834;
GRABA née RAFAI Ines;06-97-02-14-835;
HADJOUDJ Mohamed Seghir;06-97-02-14-836;
HAICHOUR Ikrameddine;06-97-02-14-837;
HAICHOUR Riad;06-97-02-14-838;
HAMZA née ZAIRI Amel Hind;06-97-02-14-839;
HAOUA née  ALI MOUSSA Nesrine;06-97-02-14-840;
HENDIS Sabri;06-97-02-14-841;
ISIKIOUENE Née KECHAI Manel;06-97-02-14-842;
KANOUNE Houcine;06-97-02-14-843;
KARA née DJAFFAR Sabrina;06-97-02-14-844;
KECHIDA Youcef Islam;06-97-02-14-845;
KESSOUAR née TIR Imane;06-97-02-14-846;
KECHOUANE Abdesslam;06-97-02-14-847;
KHERCHI née ROUABHI Ilhem;06-97-02-14-848;
KEBOUCHI née BOUHASSANE FAZIA;06-97-02-14-849;
KHERRABI née HAOUAT Amel;06-97-02-14-850;
KHERRABI née HAOUAT Amel;06-97-02-14-851;
LARIBI Soror;06-97-02-14-852;
LEMMOUCHI née BELHASSANI Meriem;06-97-02-14-853;
LOUNES Abdelkarim;06-97-02-14-854;
MEFTAH Nabil;06-97-02-14-855;
MELANI  Mohamed Amir;06-97-02-14-856;
MELLAS Salim;06-97-02-14-857;
MERAH Rafik;06-97-02-14-858;
KARBICHE Samira;06-97-02-14-859;
NAIT BOUZID née IGUEDJTAL Saina;06-97-02-14-860;
NASRI née EZZERBOUTI Meriem;06-97-02-14-861;
NOUIOUA née SAADOUDI Nadjla;06-97-02-14-862;
SAI Habib;06-97-02-14-863;
SEGHIER née KHALOUF Sabrina;06-97-02-14-864;
TADJINE Mohamed;06-97-02-14-865;
TOUATI née GANA Sabrina;06-97-02-14-866;
YAGOUBI Youcef;06-97-02-14-867;
YAHIAOUI née BENBOULAID Leila;06-97-02-14-868;
YETTOU née SAMAT Ismahane;06-97-02-14-869;
ZAIT née ACHIR Youcef;06-97-02-14-870;
ZEGHAR Abdelmoumen;06-97-02-14-871;
BAGAR Anes;06-97-02-14-872;
OUMOUSSA née MAHIOUT Sabrina;06-97-02-14-873;
AZIRI née NAMAR Rabia;06-97-02-14-874;
SABOUR née GUEDOUARI Anissa;06-97-02-14-875;
